"CDTIPO","MES","COUNT(DISTINCT(N.NMNOTIFICACION))"
"AEAD","2016/10",76
"AEAD","2016/11",74
"AEAD","2017/01",187
"AEAD","2017/02",103
"AEAD","2017/03",126
"AEAD","2017/04",152
"AEAD","2017/05",352
"AEAD","2017/06",487
"AEAD","2017/07",670
"AEAD","2017/08",180
"AEAD","2017/09",287
"AEAD","2017/10",196
"AEAD","2017/11",206
"AEAD","2017/12",21
"AEAT","2015/01",114
"AEAT","2015/02",86
"AEAT","2015/03",44
"AEAT","2015/04",146
"AEAT","2015/05",190
"AEAT","2015/06",494
"AEAT","2015/07",241
"AEAT","2015/08",36
"AEAT","2015/09",97
"AEAT","2015/10",94
"AEAT","2015/11",179
"AEAT","2015/12",50
"AEAT","2016/01",113
"AEAT","2016/02",85
"AEAT","2016/03",57
"AEAT","2016/04",126
"AEAT","2016/05",267
"AEAT","2016/06",468
"AEAT","2016/07",464
"AEAT","2016/08",85
"AEAT","2016/09",141
"ECCD","2015/01",1368
"ECCD","2015/02",2032
"ECCD","2015/03",2250
"ECCD","2015/04",3453
"ECCD","2015/05",1322
"ECCD","2015/06",516
"ECCD","2015/07",1533
"ECCD","2015/08",1993
"ECCD","2015/09",2201
"ECCD","2015/10",1500
"ECCD","2015/11",2539
"ECCD","2015/12",3461
"ECCD","2016/01",2268
"ECCD","2016/02",1734
"ECCD","2016/03",4041
"ECCD","2016/04",2039
"ECCD","2016/05",874
"ECCD","2016/06",2718
"ECCD","2016/07",2268
"ECCD","2016/08",1940
"ECCD","2016/09",2817
"ECCD","2016/10",2843
"ECCD","2016/11",1801
"ECCD","2016/12",5
"ECCD","2017/01",3720
"ECCD","2017/02",845
"ECCD","2017/03",3058
"ECCD","2017/04",2023
"ECCD","2017/05",2272
"ECCD","2017/06",2002
"ECCD","2017/07",1885
"ECCD","2017/08",1990
"ECCD","2017/09",2934
"ECCD","2017/10",1705
"ECCD","2017/11",1785
"ECCD","2017/12",2635
"ECCF","2015/01",3
"ECCF","2015/08",1
"ECCF","2015/10",2
"ECCF","2017/05",4
"EVD0","2017/11",10
"EVD0","2017/12",67
"EVD2","2017/12",10
"EVD3","2017/11",1
"EVD3","2017/12",7
"EV00","2015/01",207
"EV00","2015/02",264
"EV00","2015/03",162
"EV00","2015/04",183
"EV00","2015/05",59
"EV00","2015/06",57
"EV00","2015/07",112
"EV00","2015/08",147
"EV00","2015/09",38
"EV00","2015/10",70
"EV00","2015/11",71
"EV00","2015/12",18
"EV00","2016/01",95
"EV00","2016/02",169
"EV00","2016/03",92
"EV00","2016/04",181
"EV00","2016/05",49
"EV00","2016/06",80
"EV00","2016/07",45
"EV00","2016/08",76
"EV00","2016/09",142
"EV00","2016/10",51
"EV00","2016/11",142
"EV00","2016/12",44
"EV00","2017/01",28
"EV00","2017/02",188
"EV00","2017/03",180
"EV00","2017/04",114
"EV00","2017/05",81
"EV00","2017/06",87
"EV00","2017/07",38
"EV00","2017/08",27
"EV00","2017/09",115
"EV00","2017/10",69
"EV00","2017/11",25
"EV01","2015/01",5
"EV01","2015/03",2
"EV01","2015/04",4
"EV01","2015/05",1
"EV01","2015/06",2
"EV01","2015/10",2
"EV01","2016/02",1
"EV01","2016/03",1
"EV01","2016/04",3
"EV01","2016/05",1
"EV01","2016/06",1
"EV01","2016/09",1
"EV01","2016/10",1
"EV01","2017/02",1
"EV01","2017/03",1
"EV01","2017/04",1
"EV01","2017/05",1
"EV01","2017/07",1
"EV02","2015/01",21
"EV02","2015/02",18
"EV02","2015/03",31
"EV02","2015/04",36
"EV02","2015/05",3
"EV02","2015/06",7
"EV02","2015/07",7
"EV02","2015/08",6
"EV02","2015/09",17
"EV02","2015/10",50
"EV02","2015/11",19
"EV02","2015/12",32
"EV02","2016/01",23
"EV02","2016/02",30
"EV02","2016/03",14
"EV02","2016/04",44
"EV02","2016/05",18
"EV02","2016/06",11
"EV02","2016/07",10
"EV02","2016/08",6
"EV02","2016/09",8
"EV02","2016/10",17
"EV02","2016/11",18
"EV02","2016/12",3
"EV02","2017/01",12
"EV02","2017/02",22
"EV02","2017/03",18
"EV02","2017/04",14
"EV02","2017/05",18
"EV02","2017/06",9
"EV02","2017/07",2
"EV02","2017/08",10
"EV02","2017/09",28
"EV02","2017/10",19
"EV02","2017/11",4
"H2OC","2015/10",38
"H2OC","2015/11",11
"H2OC","2015/12",4
"H2OC","2016/01",2
"H2OC","2016/03",28
"H2OC","2016/04",62
"H2OC","2016/05",30
"H2OC","2016/06",34
"H2OC","2016/07",31
"H2OC","2016/08",1
"H2OC","2016/09",74
"H2OC","2016/10",55
"H2OC","2016/11",42
"H2OC","2017/01",58
"H2OC","2017/02",55
"H2OC","2017/03",55
"H2OC","2017/04",32
"H2OC","2017/05",2
"H2OC","2017/06",72
"H2OC","2017/07",20
"H2OC","2017/08",41
"H2OC","2017/09",2
"H2OC","2017/10",77
"H2OC","2017/11",51
"H2OC","2017/12",38
"H2OL","2015/07",479
"H2OL","2015/08",5
"H2OL","2015/09",316
"H2OL","2015/10",147
"H2OL","2015/11",107
"H2OL","2015/12",99
"H2OL","2016/01",38
"H2OL","2016/02",25
"H2OL","2016/03",211
"H2OL","2016/04",219
"H2OL","2016/05",166
"H2OL","2016/06",134
"H2OL","2016/07",101
"H2OL","2016/08",12
"H2OL","2016/09",362
"H2OL","2016/10",382
"H2OL","2016/11",205
"H2OL","2017/01",392
"H2OL","2017/02",118
"H2OL","2017/03",327
"H2OL","2017/04",239
"H2OL","2017/05",15
"H2OL","2017/06",433
"H2OL","2017/07",116
"H2OL","2017/08",215
"H2OL","2017/09",7
"H2OL","2017/10",405
"H2OL","2017/11",248
"H2OL","2017/12",288
"H2O3","2015/01",88
"H2O3","2015/02",240
"H2O3","2015/03",287
"H2O3","2015/04",144
"H2O3","2015/05",117
"H2O3","2015/06",169
"H2O3","2015/07",141
"H2O3","2015/08",80
"H2O3","2015/09",214
"H2O3","2015/10",223
"H2O3","2015/11",175
"H2O3","2015/12",176
"H2O3","2016/01",130
"H2O3","2016/02",175
"H2O3","2016/03",78
"H2O3","2016/06",1
"H2O3","2017/04",1
"H2O5","2015/01",34
"H2O5","2015/02",85
"H2O5","2015/03",155
"H2O5","2015/04",92
"H2O5","2015/05",80
"H2O5","2015/06",130
"H2O5","2015/07",114
"H2O5","2015/08",51
"H2O5","2015/09",77
"H2O5","2015/10",120
"H2O5","2015/11",98
"H2O5","2015/12",104
"H2O5","2016/01",37
"H2O5","2016/02",148
"H2O5","2016/03",56
"H2O6","2015/01",3
"H2O6","2015/02",1
"H2O6","2015/04",2
"H2O6","2015/07",2
"H2O6","2015/09",3
"H2O6","2015/10",4
"H2O6","2015/11",3
"H2O6","2015/12",2
"H2O6","2016/02",2
"H2O9","2015/01",10
"H2O9","2015/02",9
"H2O9","2015/03",15
"H2O9","2015/04",9
"H2O9","2015/05",6
"H2O9","2015/06",9
"H2O9","2015/07",9
"H2O9","2015/08",7
"H2O9","2015/09",16
"H2O9","2015/10",20
"H2O9","2015/11",9
"H2O9","2015/12",21
"H2O9","2016/01",3
"H2O9","2016/02",18
"H2O9","2016/03",5
"H212","2015/01",12
"H212","2015/02",15
"H212","2015/03",16
"H212","2015/04",5
"H212","2015/05",4
"H212","2015/06",4
"H212","2015/07",2
"H212","2015/10",3
"H212","2015/11",6
"H212","2015/12",4
"H212","2016/01",5
"H212","2016/02",10
"H212","2016/03",1
"H217","2015/01",29
"H217","2015/02",45
"H217","2015/03",28
"H217","2015/04",38
"H217","2015/05",39
"H217","2015/06",38
"H217","2015/07",44
"H217","2015/08",44
"H217","2015/09",31
"H217","2015/10",49
"H217","2015/11",83
"H217","2015/12",76
"H217","2016/01",24
"H217","2016/02",39
"H217","2016/03",16
"H221","2015/03",1
"H221","2015/07",1
"H221","2015/08",1
"H221","2015/09",1
"H221","2015/10",2
"H221","2016/02",1
"IBID","2015/12",7
"IBID","2016/03",18
"IBID","2016/04",10
"IBID","2016/05",8
"IBID","2016/06",15
"IBID","2016/07",3
"IBID","2016/08",12
"IBID","2016/10",25
"IBID","2016/11",170
"IBID","2017/01",98
"IBID","2017/02",37
"IBID","2017/03",17
"IBID","2017/04",15
"IBID","2017/05",7
"IBID","2017/06",33
"IBID","2017/07",77
"IBID","2017/08",58
"IBID","2017/09",42
"IBID","2017/10",52
"IBID","2017/11",19
"IBID","2017/12",10
"IBIL","2015/01",18
"IBIL","2015/02",963
"IBIL","2015/03",4
"IBIL","2015/04",1
"IBIL","2015/06",2310
"IBIL","2015/07",41
"IBIL","2015/08",110
"IBIL","2015/09",6257
"IBIL","2015/10",802
"IBIL","2015/11",2312
"IBIL","2015/12",648
"IBIL","2016/01",2610
"IBIL","2016/02",1905
"IBIL","2016/03",1745
"IBIL","2016/04",3521
"IBIL","2016/05",9167
"IBIL","2016/06",5310
"IBIL","2016/07",1358
"IBIL","2016/08",150
"IBIL","2016/09",86
"IBIL","2016/10",35
"IBIL","2016/11",2393
"IBIL","2016/12",20
"IBIL","2017/01",14881
"IBIL","2017/02",290
"IBIL","2017/03",1341
"IBIL","2017/04",1526
"IBIL","2017/05",54
"IBIL","2017/06",4352
"IBIL","2017/07",674
"IBIL","2017/08",998
"IBIL","2017/09",500
"IBIL","2017/10",1094
"IBIL","2017/11",1469
"IBIL","2017/12",473
"LICD","2015/01",3
"LICD","2015/02",35
"LICD","2015/03",94
"LICD","2015/04",2
"LICD","2015/05",142
"LICD","2015/06",38
"LICD","2015/07",191
"LICD","2015/08",117
"LICD","2015/09",2
"LICD","2015/11",185
"LICD","2015/12",85
"LICD","2016/01",14
"LICD","2016/02",26
"LICD","2016/03",55
"LICD","2016/04",5
"LICD","2016/05",137
"LICD","2016/06",200
"LICD","2016/07",173
"LICD","2016/08",50
"LICD","2016/09",21
"LICD","2016/10",185
"LICD","2016/11",72
"LICD","2017/01",25
"LICD","2017/02",45
"LICD","2017/03",28
"LICD","2017/04",10
"LICD","2017/05",83
"LICD","2017/06",157
"LICD","2017/07",233
"LICD","2017/08",19
"LICD","2017/09",233
"LICD","2017/10",122
"LICD","2017/11",118
"LICD","2017/12",118
"NDPA","2015/01",10202
"NDPA","2015/02",5820
"NDPA","2015/03",4972
"NDPA","2015/04",4682
"NDPA","2015/05",1389
"NDPA","2015/06",37747
"NDPA","2015/07",15575
"NDPA","2015/08",5378
"NDPA","2015/09",12413
"NDPA","2015/10",5566
"NDPA","2015/11",40197
"NDPA","2015/12",9496
"NDPA","2016/01",9057
"NDPA","2016/02",5543
"NDPA","2016/03",4909
"NDPA","2016/04",4723
"NDPA","2016/05",10394
"NDPA","2016/06",29726
"NDPA","2016/07",15049
"NDPA","2016/08",3054
"NDPA","2016/09",9507
"NDPA","2016/10",6222
"NDPA","2016/11",39996
"NDPA","2016/12",1218
"NDPA","2017/01",14063
"NDPA","2017/02",2867
"NDPA","2017/03",9851
"NDPA","2017/04",6158
"NDPA","2017/05",6781
"NDPA","2017/06",25053
"NDPA","2017/07",16461
"NDPA","2017/08",10159
"NDPA","2017/09",5771
"NDPA","2017/10",4134
"NDPA","2017/11",21798
"NDPA","2017/12",23590
"RCLC","2015/01",43
"RCLC","2015/02",68
"RCLC","2015/03",35
"RCLC","2015/04",26
"RCLC","2015/05",11
"RCLC","2015/06",99
"RCLC","2015/07",5
"RCLC","2015/09",2
"RCLC","2015/10",28
"RCLC","2015/11",36
"RCLC","2015/12",63
"RCLC","2016/01",28
"RCLC","2016/02",81
"RCLC","2016/03",76
"RCLC","2016/04",7
"RCLC","2016/05",15
"RCLC","2016/06",5
"RCLC","2016/07",8
"RCLC","2016/09",63
"RCLC","2016/10",60
"RCLC","2016/11",144
"RCLC","2016/12",22
"RCLC","2017/01",23
"RCLC","2017/02",16
"RCLC","2017/03",24
"RCLC","2017/04",3
"RCLC","2017/05",3
"RCLC","2017/06",5
"RCLC","2017/07",84
"RCLC","2017/08",22
"RCLC","2017/09",12
"RCLC","2017/10",25
"RCLC","2017/11",43
"RCLC","2017/12",14
"RCLE","2015/01",34
"RCLE","2015/02",135
"RCLE","2015/03",68
"RCLE","2015/04",36
"RCLE","2015/05",120
"RCLE","2015/06",78
"RCLE","2015/07",120
"RCLE","2015/08",44
"RCLE","2015/09",48
"RCLE","2015/10",21
"RCLE","2015/11",122
"RCLE","2015/12",43
"RCLE","2016/01",29
"RCLE","2016/02",52
"RCLE","2016/03",56
"RCLE","2016/04",30
"RCLE","2016/05",77
"RCLE","2016/06",71
"RCLE","2016/07",39
"RCLE","2016/08",83
"RCLE","2016/09",71
"RCLE","2016/10",90
"RCLE","2016/11",68
"RCLE","2016/12",9
"RCLE","2017/01",81
"RCLE","2017/02",28
"RCLE","2017/03",30
"RCLE","2017/04",26
"RCLE","2017/05",38
"RCLE","2017/06",39
"RCLE","2017/07",42
"RCLE","2017/08",20
"RCLE","2017/09",26
"RCLE","2017/10",44
"RCLE","2017/11",22
"RCLE","2017/12",29
"RCLF","2015/01",42
"RCLF","2015/02",98
"RCLF","2015/03",53
"RCLF","2015/04",53
"RCLF","2015/05",84
"RCLF","2015/06",89
"RCLF","2015/07",94
"RCLF","2015/08",44
"RCLF","2015/09",69
"RCLF","2015/10",134
"RCLF","2015/11",82
"RCLF","2015/12",129
"RCLF","2016/01",70
"RCLF","2016/02",127
"RCLF","2016/03",81
"RCLF","2016/04",31
"RCLF","2016/05",84
"RCLF","2016/06",129
"RCLF","2016/07",99
"RCLF","2016/08",63
"RCLF","2016/09",58
"RCLF","2016/10",111
"RCLF","2016/11",104
"RCLF","2016/12",20
"RCLF","2017/01",153
"RCLF","2017/02",65
"RCLF","2017/03",63
"RCLF","2017/04",59
"RCLF","2017/05",98
"RCLF","2017/06",103
"RCLF","2017/07",120
"RCLF","2017/08",72
"RCLF","2017/09",74
"RCLF","2017/10",101
"RCLF","2017/11",74
"RCLF","2017/12",105
"RCLG","2015/01",8
"RCLG","2015/02",17
"RCLG","2015/03",20
"RCLG","2015/04",17
"RCLG","2015/05",21
"RCLG","2015/06",9
"RCLG","2015/07",20
"RCLG","2015/08",19
"RCLG","2015/09",8
"RCLG","2015/10",14
"RCLG","2015/11",15
"RCLG","2015/12",11
"RCLG","2016/01",13
"RCLG","2016/02",14
"RCLG","2016/03",16
"RCLG","2016/04",26
"RCLG","2016/05",8
"RCLG","2016/06",13
"RCLG","2016/07",13
"RCLG","2016/08",4
"RCLG","2016/09",14
"RCLG","2016/10",15
"RCLG","2016/11",18
"RCLG","2016/12",2
"RCLG","2017/01",20
"RCLG","2017/02",27
"RCLG","2017/03",14
"RCLG","2017/04",13
"RCLG","2017/05",10
"RCLG","2017/06",19
"RCLG","2017/07",15
"RCLG","2017/08",12
"RCLG","2017/09",16
"RCLG","2017/10",7
"RCLG","2017/11",15
"RCLG","2017/12",7
"RCLH","2015/02",35
"RCLH","2015/03",16
"RCLH","2015/04",18
"RCLH","2015/05",34
"RCLH","2015/06",18
"RCLH","2015/07",35
"RCLH","2015/08",7
"RCLH","2015/09",19
"RCLH","2015/10",3
"RCLH","2015/11",14
"RCLH","2015/12",21
"RCLH","2016/01",2
"RCLH","2016/02",89
"RCLH","2016/03",22
"RCLH","2016/04",2
"RCLH","2016/05",106
"RCLH","2016/06",55
"RCLH","2016/07",24
"RCLH","2016/08",2
"RCLH","2016/09",40
"RCLH","2016/10",3
"RCLH","2016/11",4
"RCLH","2016/12",1
"RCLH","2017/01",37
"RCLH","2017/02",43
"RCLH","2017/03",25
"RCLH","2017/04",16
"RCLH","2017/05",11
"RCLH","2017/06",22
"RCLH","2017/07",37
"RCLH","2017/09",78
"RCLH","2017/10",12
"RCLH","2017/11",11
"RCLH","2017/12",49
"RCLI","2015/01",26
"RCLI","2015/02",49
"RCLI","2015/03",45
"RCLI","2015/04",54
"RCLI","2015/05",62
"RCLI","2015/06",47
"RCLI","2015/07",48
"RCLI","2015/08",29
"RCLI","2015/09",17
"RCLI","2015/10",41
"RCLI","2015/11",130
"RCLI","2015/12",50
"RCLI","2016/01",59
"RCLI","2016/02",72
"RCLI","2016/03",111
"RCLI","2016/04",49
"RCLI","2016/05",41
"RCLI","2016/06",66
"RCLI","2016/07",94
"RCLI","2016/08",27
"RCLI","2016/09",17
"RCLI","2016/10",19
"RCLI","2016/11",107
"RCLI","2016/12",2
"RCLI","2017/01",49
"RCLI","2017/02",38
"RCLI","2017/03",45
"RCLI","2017/04",44
"RCLI","2017/05",56
"RCLI","2017/06",82
"RCLI","2017/07",65
"RCLI","2017/08",30
"RCLI","2017/09",28
"RCLI","2017/10",60
"RCLI","2017/11",91
"RCLI","2017/12",86
"RCLJ","2015/01",5
"RCLJ","2015/02",3
"RCLJ","2015/03",25
"RCLJ","2015/04",2
"RCLJ","2015/05",5
"RCLJ","2015/06",14
"RCLJ","2015/07",6
"RCLJ","2015/10",9
"RCLJ","2015/11",4
"RCLJ","2015/12",26
"RCLJ","2016/01",1
"RCLJ","2016/02",1
"RCLJ","2016/03",8
"RCLJ","2016/04",14
"RCLJ","2016/05",1
"RCLJ","2016/06",6
"RCLJ","2016/09",1
"RCLJ","2016/10",7
"RCLJ","2016/11",1
"RCLJ","2017/01",9
"RCLJ","2017/02",2
"RCLJ","2017/03",5
"RCLJ","2017/04",3
"RCLJ","2017/06",2
"RCLJ","2017/08",1
"RCLJ","2017/09",3
"RCLJ","2017/10",1
"RCLJ","2017/11",9
"RCLJ","2017/12",5
"RCLK","2015/01",12
"RCLK","2015/02",14
"RCLK","2015/03",47
"RCLK","2015/04",10
"RCLK","2015/05",21
"RCLK","2015/06",1
"RCLK","2015/07",36
"RCLK","2015/09",5
"RCLK","2015/11",15
"RCLK","2015/12",19
"RCLK","2016/01",5
"RCLK","2016/02",3
"RCLK","2016/03",31
"RCLK","2016/04",35
"RCLK","2016/05",8
"RCLK","2016/06",10
"RCLK","2016/07",2
"RCLK","2016/08",1
"RCLK","2016/09",14
"RCLK","2016/10",5
"RCLK","2016/11",45
"RCLK","2017/01",12
"RCLK","2017/02",6
"RCLK","2017/03",24
"RCLK","2017/04",8
"RCLK","2017/05",2
"RCLK","2017/06",3
"RCLK","2017/07",3
"RCLK","2017/09",32
"RCLK","2017/10",4
"RCLK","2017/11",12
"RCLK","2017/12",15
"RCLN","2015/01",28
"RCLN","2015/02",84
"RCLN","2015/03",158
"RCLN","2015/04",82
"RCLN","2015/05",39
"RCLN","2015/06",33
"RCLN","2015/07",69
"RCLN","2015/08",40
"RCLN","2015/09",24
"RCLN","2015/10",14
"RCLN","2015/11",31
"RCLN","2015/12",25
"RCLN","2016/01",12
"RCLN","2016/02",24
"RCLN","2016/03",28
"RCLN","2016/04",26
"RCLN","2016/05",13
"RCLN","2016/06",18
"RCLN","2016/07",13
"RCLN","2016/08",20
"RCLN","2016/09",17
"RCLN","2016/10",24
"RCLN","2016/11",13
"RCLN","2016/12",3
"RCLN","2017/01",10
"RCLN","2017/02",17
"RCLN","2017/03",36
"RCLN","2017/04",7
"RCLN","2017/05",7
"RCLN","2017/06",19
"RCLN","2017/07",52
"RCLN","2017/08",14
"RCLN","2017/09",12
"RCLN","2017/10",39
"RCLN","2017/11",36
"RCLN","2017/12",37
"RCLP","2015/01",13
"RCLP","2015/02",23
"RCLP","2015/03",26
"RCLP","2015/04",20
"RCLP","2015/05",56
"RCLP","2015/06",70
"RCLP","2015/07",32
"RCLP","2015/08",17
"RCLP","2015/09",21
"RCLP","2015/10",24
"RCLP","2015/11",46
"RCLP","2015/12",22
"RCLP","2016/01",18
"RCLP","2016/02",36
"RCLP","2016/03",45
"RCLP","2016/04",32
"RCLP","2016/05",40
"RCLP","2016/06",65
"RCLP","2016/07",70
"RCLP","2016/08",42
"RCLP","2016/09",39
"RCLP","2016/10",34
"RCLP","2016/11",30
"RCLP","2016/12",2
"RCLP","2017/01",38
"RCLP","2017/02",29
"RCLP","2017/03",56
"RCLP","2017/04",28
"RCLP","2017/05",23
"RCLP","2017/06",77
"RCLP","2017/07",44
"RCLP","2017/08",31
"RCLP","2017/09",23
"RCLP","2017/10",23
"RCLP","2017/11",18
"RCLP","2017/12",23
"RCLS","2015/01",17
"RCLS","2015/02",55
"RCLS","2015/03",70
"RCLS","2015/04",63
"RCLS","2015/05",104
"RCLS","2015/06",53
"RCLS","2015/07",31
"RCLS","2015/09",5
"RCLS","2015/10",75
"RCLS","2015/11",40
"RCLS","2015/12",51
"RCLS","2016/01",16
"RCLS","2016/02",60
"RCLS","2016/03",93
"RCLS","2016/04",66
"RCLS","2016/05",84
"RCLS","2016/06",64
"RCLS","2016/07",43
"RCLS","2016/08",2
"RCLS","2016/09",28
"RCLS","2016/10",60
"RCLS","2016/11",53
"RCLS","2016/12",7
"RCLS","2017/01",31
"RCLS","2017/02",11
"RCLS","2017/03",73
"RCLS","2017/04",77
"RCLS","2017/05",42
"RCLS","2017/06",72
"RCLS","2017/07",62
"RCLS","2017/08",25
"RCLS","2017/09",25
"RCLS","2017/10",86
"RCLS","2017/11",32
"RCLS","2017/12",20
"RCLT","2015/01",4
"RCLT","2015/02",16
"RCLT","2015/03",22
"RCLT","2015/04",16
"RCLT","2015/05",22
"RCLT","2015/06",12
"RCLT","2015/07",4
"RCLT","2015/08",1
"RCLT","2015/09",7
"RCLT","2015/10",15
"RCLT","2015/11",7
"RCLT","2015/12",9
"RCLT","2016/01",2
"RCLT","2016/02",4
"RCLT","2016/03",14
"RCLT","2016/04",23
"RCLT","2016/05",19
"RCLT","2016/06",18
"RCLT","2016/07",13
"RCLT","2016/08",1
"RCLT","2016/09",5
"RCLT","2016/10",11
"RCLT","2016/11",2
"RCLT","2017/01",7
"RCLT","2017/02",3
"RCLT","2017/03",8
"RCLT","2017/04",20
"RCLT","2017/05",9
"RCLT","2017/06",5
"RCLT","2017/07",4
"RCLT","2017/09",7
"RCLT","2017/10",5
"RCLT","2017/11",9
"RCLU","2015/02",8
"RCLU","2015/03",5
"RCLU","2015/04",22
"RCLU","2015/05",35
"RCLU","2015/06",38
"RCLU","2015/07",32
"RCLU","2015/08",8
"RCLU","2015/09",6
"RCLU","2015/10",6
"RCLU","2015/11",55
"RCLU","2015/12",89
"RCLU","2016/01",9
"RCLU","2016/02",24
"RCLU","2016/03",50
"RCLU","2016/04",29
"RCLU","2016/05",113
"RCLU","2016/06",71
"RCLU","2016/07",57
"RCLU","2016/08",26
"RCLU","2016/09",21
"RCLU","2016/10",77
"RCLU","2016/11",47
"RCLU","2016/12",5
"RCLU","2017/01",39
"RCLU","2017/02",22
"RCLU","2017/03",15
"RCLU","2017/04",17
"RCLU","2017/05",63
"RCLU","2017/06",62
"RCLU","2017/07",59
"RCLU","2017/08",5
"RCLU","2017/09",8
"RCLU","2017/10",15
"RCLU","2017/11",19
"RCLU","2017/12",25
"RCLV","2015/01",14
"RCLV","2015/02",55
"RCLV","2015/03",40
"RCLV","2015/04",22
"RCLV","2015/05",117
"RCLV","2015/06",31
"RCLV","2015/07",27
"RCLV","2015/08",3
"RCLV","2015/09",16
"RCLV","2015/10",30
"RCLV","2015/11",40
"RCLV","2015/12",38
"RCLV","2016/01",24
"RCLV","2016/02",49
"RCLV","2016/03",41
"RCLV","2016/04",25
"RCLV","2016/05",25
"RCLV","2016/06",98
"RCLV","2016/07",61
"RCLV","2016/08",41
"RCLV","2016/09",27
"RCLV","2016/10",44
"RCLV","2016/11",54
"RCLV","2016/12",4
"RCLV","2017/01",54
"RCLV","2017/02",42
"RCLV","2017/03",93
"RCLV","2017/04",33
"RCLV","2017/05",40
"RCLV","2017/06",53
"RCLV","2017/07",73
"RCLV","2017/08",10
"RCLV","2017/09",44
"RCLV","2017/10",48
"RCLV","2017/11",42
"RCLV","2017/12",35
"RCLY","2015/01",62
"RCLY","2015/02",43
"RCLY","2015/03",40
"RCLY","2015/04",43
"RCLY","2015/05",59
"RCLY","2015/06",51
"RCLY","2015/07",56
"RCLY","2015/08",27
"RCLY","2015/09",38
"RCLY","2015/10",98
"RCLY","2015/11",72
"RCLY","2015/12",64
"RCLY","2016/01",49
"RCLY","2016/02",157
"RCLY","2016/03",83
"RCLY","2016/04",110
"RCLY","2016/05",55
"RCLY","2016/06",96
"RCLY","2016/07",60
"RCLY","2016/08",10
"RCLY","2016/09",49
"RCLY","2016/10",61
"RCLY","2016/11",64
"RCLY","2016/12",12
"RCLY","2017/01",114
"RCLY","2017/02",65
"RCLY","2017/03",67
"RCLY","2017/04",40
"RCLY","2017/05",40
"RCLY","2017/06",46
"RCLY","2017/07",80
"RCLY","2017/08",9
"RCLY","2017/09",31
"RCLY","2017/10",25
"RCLY","2017/11",42
"RCLY","2017/12",98
"RCLZ","2015/01",44
"RCLZ","2015/02",88
"RCLZ","2015/03",291
"RCLZ","2015/04",54
"RCLZ","2015/05",107
"RCLZ","2015/06",132
"RCLZ","2015/07",21
"RCLZ","2015/08",203
"RCLZ","2015/09",146
"RCLZ","2015/10",25
"RCLZ","2015/11",37
"RCLZ","2015/12",76
"RCLZ","2016/01",71
"RCLZ","2016/02",82
"RCLZ","2016/03",92
"RCLZ","2016/04",37
"RCLZ","2016/05",66
"RCLZ","2016/06",32
"RCLZ","2016/07",35
"RCLZ","2016/08",17
"RCLZ","2016/10",130
"RCLZ","2016/11",52
"RCLZ","2017/01",59
"RCLZ","2017/02",82
"RCLZ","2017/03",22
"RCLZ","2017/04",45
"RCLZ","2017/05",4
"RCLZ","2017/06",68
"RCLZ","2017/07",14
"RCLZ","2017/08",19
"RCLZ","2017/09",70
"RCLZ","2017/10",47
"RCLZ","2017/11",12
"RCLZ","2017/12",37
"RCL2","2015/01",40
"RCL2","2015/02",85
"RCL2","2015/03",51
"RCL2","2015/04",26
"RCL2","2015/05",118
"RCL2","2015/06",82
"RCL2","2015/07",77
"RCL2","2015/08",36
"RCL2","2015/09",48
"RCL2","2015/10",11
"RCL2","2015/11",95
"RCL2","2015/12",79
"RCL2","2016/01",23
"RCL2","2016/02",43
"RCL2","2016/03",56
"RCL2","2016/04",20
"RCL2","2016/05",77
"RCL2","2016/06",83
"RCL2","2016/07",39
"RCL2","2016/08",49
"RCL2","2016/09",45
"RCL2","2016/10",80
"RCL2","2016/11",65
"RCL2","2016/12",9
"RCL2","2017/01",70
"RCL2","2017/02",28
"RCL2","2017/03",14
"RCL2","2017/04",14
"RCL2","2017/05",43
"RCL2","2017/06",29
"RCL2","2017/07",46
"RCL2","2017/08",33
"RCL2","2017/09",37
"RCL2","2017/10",54
"RCL2","2017/11",19
"RCL2","2017/12",49
"RCL4","2015/01",22
"RCL4","2015/02",31
"RCL4","2015/03",64
"RCL4","2015/04",41
"RCL4","2015/05",70
"RCL4","2015/06",31
"RCL4","2015/07",38
"RCL4","2015/08",35
"RCL4","2015/09",25
"RCL4","2015/10",27
"RCL4","2015/11",29
"RCL4","2015/12",32
"RCL4","2016/01",33
"RCL4","2016/02",25
"RCL4","2016/03",30
"RCL4","2016/04",33
"RCL4","2016/05",13
"RCL4","2016/06",27
"RCL4","2016/07",24
"RCL4","2016/08",21
"RCL4","2016/09",1
"RCL4","2016/10",35
"RCL4","2016/11",31
"RCL4","2017/01",21
"RCL4","2017/02",22
"RCL4","2017/03",9
"RCL4","2017/04",9
"RCL4","2017/05",4
"RCL4","2017/06",21
"RCL4","2017/07",27
"RCL4","2017/08",13
"RCL4","2017/09",8
"RCL4","2017/10",34
"RCL4","2017/11",43
"RCL4","2017/12",22
"RCL5","2015/12",1
"RCL6","2015/01",9
"RCL6","2015/02",6
"RCL6","2015/03",5
"RCL6","2015/04",13
"RCL6","2015/05",6
"RCL6","2015/06",7
"RCL6","2015/07",35
"RCL6","2015/08",29
"RCL6","2015/09",3
"RCL6","2015/10",34
"RCL6","2015/11",10
"RCL6","2015/12",20
"RCL6","2016/01",8
"RCL6","2016/02",14
"RCL6","2016/03",11
"RCL6","2016/04",35
"RCL6","2016/05",16
"RCL6","2016/06",9
"RCL6","2016/07",12
"RCL6","2016/08",11
"RCL6","2016/09",6
"RCL6","2016/10",11
"RCL6","2016/11",7
"RCL6","2016/12",1
"RCL6","2017/01",14
"RCL6","2017/02",9
"RCL6","2017/03",23
"RCL6","2017/04",7
"RCL6","2017/05",11
"RCL6","2017/06",11
"RCL6","2017/07",7
"RCL6","2017/08",7
"RCL6","2017/09",6
"RCL6","2017/10",4
"RCL6","2017/11",11
"RCL6","2017/12",9
"RCL7","2015/01",58
"RCL7","2015/02",33
"RCL7","2015/03",107
"RCL7","2015/04",37
"RCL7","2015/05",1
"RCL7","2015/07",1
"RCL7","2015/10",34
"RCL7","2015/11",200
"RCL7","2015/12",106
"RCL7","2016/01",23
"RCL7","2016/02",104
"RCL7","2016/03",104
"RCL7","2016/04",71
"RCL7","2016/05",4
"RCL7","2016/06",1
"RCL7","2016/07",5
"RCL7","2016/09",18
"RCL7","2016/10",119
"RCL7","2016/11",53
"RCL7","2017/01",31
"RCL7","2017/02",11
"RCL7","2017/03",28
"RCL7","2017/04",93
"RCL7","2017/05",6
"RCL7","2017/10",52
"RCL7","2017/11",79
"RCL7","2017/12",25
"RSAL","2015/02",211
"RSAL","2015/03",82
"RSAL","2015/04",364
"RSAL","2015/05",292
"RSAL","2015/06",49
"RSAL","2015/07",253
"RSAL","2015/08",83
"RSAL","2015/09",137
"RSAL","2015/10",246
"RSAL","2015/11",284
"RSAL","2015/12",102
"RSAL","2016/01",19
"RSAL","2016/02",179
"RSAL","2016/03",25
"RSAL","2016/04",466
"RSAL","2016/05",224
"RSAL","2016/06",276
"RSAL","2016/07",377
"RSAL","2016/08",20
"RSAL","2016/09",87
"RSAL","2016/10",123
"RSAL","2016/11",86
"RSAL","2017/01",216
"RSAL","2017/02",4
"RSAL","2017/03",145
"RSAL","2017/05",190
"RSAL","2017/06",482
"RSAL","2017/07",338
"RSAL","2017/08",133
"RSAL","2017/09",185
"RSAL","2017/10",119
"RSAL","2017/11",174
"RSAL","2017/12",114
"SG04","2015/01",237
"SG04","2015/02",939
"SG04","2015/03",209
"SG04","2015/04",1085
"SG04","2015/05",177
"SG04","2015/06",850
"SG04","2015/07",309
"SG04","2015/08",412
"SG04","2015/09",192
"SG04","2015/10",1189
"SG04","2015/11",409
"SG04","2015/12",794
"SG04","2016/01",255
"SG04","2016/02",1171
"SG04","2016/03",62
"SG04","2016/04",1203
"SG04","2016/05",143
"SG04","2016/06",489
"SG04","2016/07",403
"SG04","2016/08",577
"SG04","2016/09",380
"SG04","2016/10",833
"SG04","2016/11",260
"SG04","2016/12",10
"SG04","2017/01",739
"SG04","2017/02",13
"SG04","2017/03",1589
"SG04","2017/04",3318
"SG04","2017/05",1057
"SG04","2017/06",2295
"SG04","2017/07",932
"SG04","2017/08",2286
"SG04","2017/09",202
"SG04","2017/10",2779
"SG04","2017/11",233
"SG04","2017/12",3026
"SG05","2015/01",424
"SG05","2015/02",2575
"SG05","2015/03",814
"SG05","2015/04",2120
"SG05","2015/05",618
"SG05","2015/06",2216
"SG05","2015/07",406
"SG05","2015/08",1916
"SG05","2015/09",443
"SG05","2015/10",2273
"SG05","2015/11",395
"SG05","2015/12",4241
"SG05","2016/01",154
"SG05","2016/02",3753
"SG05","2016/03",233
"SG05","2016/04",1359
"SG05","2016/05",825
"SG05","2016/06",1975
"SG05","2016/07",868
"SG05","2016/08",2004
"SG05","2016/09",491
"SG05","2016/10",2350
"SG05","2016/11",240
"SG05","2016/12",4
"SG05","2017/01",2728
"SG05","2017/02",4153
"SG05","2017/03",236
"SG05","2017/04",2279
"SG05","2017/05",869
"SG05","2017/06",2413
"SG05","2017/07",872
"SG05","2017/08",2361
"SG05","2017/09",229
"SG05","2017/10",2523
"SG05","2017/11",431
"SG05","2017/12",2964
"SG06","2015/01",37
"SG06","2015/02",14
"SG06","2015/03",61
"SG06","2015/04",11
"SG06","2015/05",104
"SG06","2015/06",4
"SG06","2015/07",77
"SG06","2015/08",10
"SG06","2015/09",103
"SG06","2015/10",14
"SG06","2015/11",64
"SG06","2015/12",23
"SG06","2016/03",109
"SG06","2016/05",96
"SG06","2016/06",17
"SG06","2016/07",36
"SG06","2016/09",84
"SG06","2016/11",26
"SG06","2017/01",44
"SG06","2017/03",30
"SG06","2017/05",12
"SG06","2017/11",197
"SG07","2015/01",21
"SG07","2015/02",21
"SG07","2015/03",75
"SG07","2015/04",22
"SG07","2015/05",59
"SG07","2015/06",1
"SG07","2015/07",34
"SG07","2015/08",47
"SG07","2015/09",54
"SG07","2015/10",16
"SG07","2015/11",27
"SG07","2015/12",27
"SG07","2016/03",32
"SG07","2016/05",16
"SG07","2016/06",6
"SG07","2016/07",4
"SG07","2016/09",15
"SG07","2016/11",16
"SG07","2017/03",6
"SG07","2017/05",17
"SG07","2017/11",38
"SG09","2015/01",3
"SG09","2015/02",14
"SG09","2015/03",70
"SG09","2015/04",9
"SG09","2015/05",1
"SG09","2015/06",12
"SG09","2015/07",3
"SG09","2015/08",10
"SG09","2015/09",9
"SG09","2015/10",9
"SG09","2015/11",3
"SG09","2015/12",13
"SG09","2016/02",8
"SG09","2016/03",1
"SG09","2016/04",1
"SG09","2016/06",57
"SG09","2016/08",94
"SG09","2016/09",50
"SG09","2016/10",59
"SG09","2016/11",12
"SG09","2016/12",1
"SG09","2017/01",53
"SG09","2017/02",52
"SG09","2017/03",11
"SG09","2017/04",44
"SG09","2017/06",1
"SG09","2017/08",18
"SG09","2017/09",3
"SG09","2017/10",2
"SG12","2015/01",2
"SG12","2015/02",3
"SG12","2015/04",4
"SG12","2015/08",2
"SG12","2015/09",15
"SG12","2015/10",1
"SG12","2015/11",6
"SG12","2016/03",8
"SG12","2016/05",6
"SG12","2016/09",16
"SG12","2016/11",6
"SG12","2017/01",2
"SG12","2017/03",6
"SG12","2017/05",1
